None RobotCub Hackers <robotcub-hackers@lists.sourceforge.net>
babybot RobotCub Hackers <robotcub-hackers@lists.sourceforge.net>
root RobotCub Hackers <robotcub-hackers@lists.sourceforge.net>
handsome-vvv10 RobotCub Hackers <robotcub-hackers@lists.sourceforge.net>
icub01 RobotCub Hackers <robotcub-hackers@lists.sourceforge.net>
metukovan RobotCub Hackers <robotcub-hackers@lists.sourceforge.net>

afonso-g Afonso Gonçalves <agoncalves@isr.ist.utl.pt>
agijsberts Arjan Gijsberts <arjan.gijsberts@idiap.ch>
ajaz706 Ajaz Ahmad Bhat <ajaz.bhat@iit.it>
alecive Alessandro Roncone <alessandro.roncone@iit.it>
ale-scalzo Alessandro Scalzo <alessandro.scalzo@iit.it>
alex_bernardino Alexandre Bernardino <alex@isr.ist.utl.pt>
andreadelprete Andrea Del Prete <andrea.delprete@iit.it>
andreamrl Andrea Merello <andrea.merello@iit.it>
andrecdc Andrea Mura <andrea.mura@iit.it>
andrewdankers Andrew Dankers <andrew.dankers@honda-ri.de>
apaikan Ali Paikan <ali.paikan@iit.it>
a_parmiggiani Alberto Parmiggiani <alberto.parmiggiani@iit.it>
arne-nordmann Arne Nordmann <anordman@cor-lab.uni-bielefeld.de>
arwen_h Serena Ivaldi <arwen.h@gmail.com>
assif Naeem Assif Mirza <assif42@gmail.com>
atacchetti Andrea Tacchetti <andrea.tacchetti@iit.it>
beltran Carlos Beltran-Gonzalez <carlos.beltran@iit.it>
bertolucci Ranero Bertolucci <ranero.bertolucci@iit.it>
bietz Alberto Bietti <alberto.bietti@gmail>
browatbn Björn Browatzki <bjoern.browatzki@tuebingen.mpg.de>
bruchi Alessandro Bruchi <alessandro.bruchi@iit.it>
brunonery Bruno Nery <brunonery@brunonery.com>
cardellino Alberto Cardellino <alberto.cardellino@iit.it>
cclercq Charles Clercq <charles.clercq@iit.it>
chwress Christian Wressnegger <christian@wressnegger.info>
ciliberto Carlo Ciliberto <carlo.ciliberto@iit.it>
claudio72 Claudio Castellini <claudio.castellini@dlr.de>
claudio-lorini Claudio Lorini <claudio.lorini@iit.it>
daliads Dalia De Santis <dalia.desantis@gmail.com>
damienjadeduff Damien Jade Duff <damienjadeduff@gmail.com>
daragao Duarte Aragao <daragao@gmail.com>
davidezambrano1 Davide Zambrano <d.zambrano@sssup.it>
davidvernon David Vernon <david@vernon.eu>
d-krieg Daniel Krieg <krieg@fias.uni-frankfurt.de>
drdanz Daniele E. Domenichelli <daniele.domenichelli@iit.it>
drwho72 Claudio Castellini <claudio.castellini@dlr.de>
dtome Davide Tome <davide.tome@iit.it>
egidiofalo Egidio Falotico <e.falotico@sssup.it>
elen4 Elena Ceseracciu <elena.ceseracciu@iit.it>
emmebi75 Matteo Brunettini <matteo.brunettini@iit.it>
enricomingo Enrico Mingo <enrico.mingo@iit.it>
esauser Eric Sauser <eric.sauser@a3.epfl.ch>
eshuy Paul Fitzpatrick <paulfitz@alum.mit.edu>
etienneroesch Etienne Roesch <etienne.roesch@gmail.com>
etorresjara Eduardo Torres-Jara <etorresj@alum.mit.edu>
fabienbenureau Fabien Benureau <fabien.benureau@gmail.com>
fberton Fabio Berton <fberton@liralab.it>
fbroz Frank Broz <f.broz@herts.ac.uk>
fouzhanh Fouzhan Hosseini <Fouzhan.Hosseini@iit.it>
francesco_nori Francesco Nori <francesco.nori@iit.it>
francesco_nori\  Francesco Nori <francesco.nori@iit.it>
freedot Alessandra Sciutti <alessandra.sciutti@iit.it>
gaggeval Valentina Gaggero <valentina.gaggero@iit.it>
giampiero Giampiero Salvi <giampi@kth.se>
gmaxera Gianluca Massera <gianluca.massera@istc.cnr.it>
gmetta Giorgio Metta <giorgio.metta@iit.it>
g-pointeau Grégoire Pointeau <gregoire.pointeau@inserm.fr>
gsaponaro Giovanni Saponaro <gsaponaro@isr.ist.utl.pt>
gstellin Giovanni Stellin <stellin@arts.sssup.it>
hermes22 Frank Förster <f.forster@herts.ac.uk>
hrmarti Harold Martinez <martinez@ifi.uzh.ch>
ilaria-gori Ilaria Gori <ilaria.gori@iit.it>
jgvictores Juan G. Victores <jcgvicto@ing.uc3m.es>
jizecn Ze Ji <z.ji@herts.ac.uk>
joernano Francesco Giovannini <francesco.giovannini@iit.it>
jorhabib Jorhabib Eljaik Gómez <jorhabib.eljaik@iit.it>
jru Jonas Ruesch <ruesch@ifi.uzh.ch>
julijenv Julien Jenvrin <Julien.Jenvrin@iit.it>
juxi Juxi Leitner <juxi.leitner@gmail.com>
katsol Katrin Solveig Lohan <katrin.lohan@iit.it>
lbadino Leonardo Badino <leonardo.badino@iit.it>
lorejam Lorenzo Jamone <lorenzojamone@gmail.com>
lrivano Luca Rivano <luca.rivano@iit.it>
lschilli Lars Schillingmann <lschilli@techfak.uni-bielefeld.de>
m4tto Simone Denei <simone.denei@dist.unige.it>
macl Manuel Cabido Lopes <macl@isr.ist.utl.pt>
marcoaccame Marco Accame <marco.accame@iit.it>
marcomaggiali Marco Maggiali <marco.maggiali@iit.it>
marco_randa Marco Randazzo <marco.randazzo@iit.it>
marekrucinski Marek Rucinski <marek.rucinski@plymouth.ac.uk>
martimbrandao Martim Brandao <mbrandao@isr.ist.utl.pt>
ma-sa Mattia Salvi <mattia.salvi@iit.it>
matejhof Matej Hoffmann <matej.hoffmann@iit.it>
matteosantoro Matteo Santoro <matteo.santoro@gmail.com>
mattfumi Matteo Fumagalli <m.fumagalli@ewi.utwente.nl>
maxime-petit Maxime Petit <maxime.petit@inserm.fr>
mbrunettini Matteo Brunettini <matteo.brunettini@iit.it>
micheletavella Michele Tavella <tavella.michele@gmail.com>
mick3lozzo Michele Gesino <michele.gesino@iit.it>
mpeniak Martin Peniak <martin.peniak@plymouth.ac.uk>
msavoldi Marcello Savoldi <marcello.savoldi@iit.it>
mtaiana Matteo Taiana <mtaiana@isr.ist.utl.pt>
natta Lorenzo Natale <lorenzo.natale@iit.it>
nicolagreggio Nicola Greggio <nicola.greggio@gmail.com >
orfra Francesco Orabona <francesco@orabona.com>
pattacini Ugo Pattacini <ugo.pattacini@iit.it>
pikniknak Nicholas Wilkinson <nicholas.wilkinson@iit.it>
pivan0 Ivan Porro <ivan.porro@nextage-on.com>
pliniomoreno Plinio Moreno <plinio@isr.ist.utl.pt>
randaz81 Marco Randazzo <marco.randazzo@iit.it>
reafrancesco Francesco Rea <francesco.rea@iit.it>
righetti Ludovic Righetti <ludovic.righetti@a3.epfl.ch>
robuckot Michael Bucko <m.c.bucko@gmail.com>
sadega Sarah Degallier <sarah.degallier@a3.epfl.ch>
scal82 Alexander Schmitz <alexander.schmitz@iit.it>
seanryan87 Sean Ryan Fanello <sean.fanello@iit.it>
sebastien-gay Sebastien Gay <sebastien.gay@a3.epfl.ch>
shart115 Stephen Hart <stephen.hart@nasa.gov>
shashankpathak Shashank Pathak <shashank.pathak@iit.it>
slallee Stéphane Lallée <stephane.lallee@gmail.com>
spiglerg Giacomo Spigler <spiglerg@gmail.com>
stefanosaliceti Stefano Saliceti <stefano.saliceti@iit.it>
traversaro Silvio Traversaro <silvio.traversaro@iit.it>
vahrenkamp Nikolaus Vahrenkamp <vahrenkamp@kit.edu>
vishuu Vishwanathan Mohan <vishwanathan.mohan@iit.it>
vtikha Vadim Tikhanoff <vadim.tikhanoff@iit.it>
wurmd Dario Figueira <dfigueira@isr.ist.utl.pt>
zenonmathews Zenon Mathews <zenon.mathews@gmail.com>
